,period,interest,payment,principal,loan_value
0,0,3600.0,-2418.8346592130733,-6018.834659213073,24018.834659213073
1,1,4803.766931842615,-2418.8346592130733,-7222.601591055689,31241.43625026876
2,2,6248.287250053752,-2418.8346592130733,-8667.121909266825,39908.55815953559
3,3,7981.711631907118,-2418.8346592130733,-10400.546291120192,50309.10445065578
4,4,10061.820890131157,-2418.8346592130733,-12480.65554934423,62789.76000000001
