,period,interest,payment,loan_value
0,0,360.0,-3458.851093877799,21818.851093877798
1,1,436.377021877556,-3458.851093877799,25714.079209633153
2,2,514.2815841926631,-3458.851093877799,29687.211887703616
3,3,593.7442377540723,-3458.851093877799,33739.80721933549
4,4,674.7961443867098,-3458.851093877799,37873.4544576
